/time/unix_epoch_secs,/ucl/pelvis/x,/ucl/pelvis/y,/ucl/pelvis/z,/ucl/right_hip/x,/ucl/right_hip/y,/ucl/right_hip/z,/ucl/right_knee/x,/ucl/right_knee/y,/ucl/right_knee/z,/ucl/right_foot/x,/ucl/right_foot/y,/ucl/right_foot/z,/ucl/left_hip/x,/ucl/left_hip/y,/ucl/left_hip/z,/ucl/left_knee/x,/ucl/left_knee/y,/ucl/left_knee/z,/ucl/left_foot/x,/ucl/left_foot/y,/ucl/left_foot/z,/ucl/abdomen/x,/ucl/abdomen/y,/ucl/abdomen/z,/ucl/neck/x,/ucl/neck/y,/ucl/neck/z,/ucl/chin/x,/ucl/chin/y,/ucl/chin/z,/ucl/forehead/x,/ucl/forehead/y,/ucl/forehead/z,/ucl/left_shoulder/x,/ucl/left_shoulder/y,/ucl/left_shoulder/z,/ucl/left_elbow/x,/ucl/left_elbow/y,/ucl/left_elbow/z,/ucl/left_hand/x,/ucl/left_hand/y,/ucl/left_hand/z,/ucl/right_shoulder/x,/ucl/right_shoulder/y,/ucl/right_shoulder/z,/ucl/right_elbow/x,/ucl/right_elbow/y,/ucl/right_elbow/z,/ucl/right_hand/x,/ucl/right_hand/y,/ucl/right_hand/z,/vrpn_client_node/box1/pose/x,/vrpn_client_node/box1/pose/y,/vrpn_client_node/box1/pose/z,/vrpn_client_node/box2/pose/x,/vrpn_client_node/box2/pose/y,/vrpn_client_node/box2/pose/z,/vrpn_client_node/head_front/pose/x,/vrpn_client_node/head_front/pose/y,/vrpn_client_node/head_front/pose/z,/vrpn_client_node/head_left/pose/x,/vrpn_client_node/head_left/pose/y,/vrpn_client_node/head_left/pose/z,/vrpn_client_node/head_right/pose/x,/vrpn_client_node/head_right/pose/y,/vrpn_client_node/head_right/pose/z,/vrpn_client_node/wrist_right/pose/x,/vrpn_client_node/wrist_right/pose/y,/vrpn_client_node/wrist_right/pose/z,/vrpn_client_node/wrist_left/pose/x,/vrpn_client_node/wrist_left/pose/y,/vrpn_client_node/wrist_left/pose/z,/vrpn_client_node/bicep_right/pose/x,/vrpn_client_node/bicep_right/pose/y,/vrpn_client_node/bicep_right/pose/z,/vrpn_client_node/bicep_left/pose/x,/vrpn_client_node/bicep_left/pose/y,/vrpn_client_node/bicep_left/pose/z
1563202700.765414702,69.24624477906667,214.07216041398158,1.098334147599657,-52.814030115040495,263.5045482696765,41.25388252510332,-222.66406138440828,-82.30434845361708,-20.73921369678769,-158.45293193778002,-52.76937062702706,-443.76892323581296,189.98554466142022,164.6398305235517,42.46845593734872,213.54664334995903,-199.38455388072214,-23.582048520025015,207.17112587855084,-145.70597431461954,-447.067527331483,26.93450545001881,128.71405545351246,149.14272612664152,18.825583054386218,-35.65431099811158,265.5919732284182,-63.57513423403436,-135.70303765668464,274.78646004625955,-196.93987475523417,-139.27353846820714,423.33190382873374,204.28400893574104,-57.089371701235265,207.12269178602116,397.384804351942,1.451856842893753,-100.03120085757091,387.2917193905693,-163.15665559289033,-419.91992176965385,-238.62720744596038,51.5330510291354,252.07038857050833,-349.4159957823104,153.7849962179445,134.77619128843756,-399.57532821649806,29.288381850934563,-78.18411070244436,0.37439292669296265,-0.9884568452835083,0.3865393400192261,0.3852130174636841,-1.3417894840240479,0.3746504783630371,0.0,0.0,0.0,0.3920229971408844,-1.1237555742263794,0.9601250886917114,0.28347793221473694,-1.1774613857269287,0.9388543963432312,0.0,0.0,0.0,0.7595494389533997,-1.0818957090377808,0.30200880765914917,0.06390311568975449,-0.9209080338478088,0.4682762920856476,0.7182286381721497,-0.8296456933021545,0.47547808289527893
1563202700.805315300,46.267094294695674,209.12500555336516,9.222091782887716,-101.5958946900473,249.0111688011442,83.49378092608096,-221.18111522987837,-134.09390121997023,-21.718209555429784,-158.65353468229566,-128.56403140232612,-400.1701958055989,188.35452841689752,169.2388851506764,41.504626647968095,219.87407130558032,-226.37140536543077,-79.87113479388572,160.39204497594287,-193.7721135361196,-457.60659759725615,19.56385664139267,137.5314804881915,150.27212530274366,26.622589502024365,-8.81348579020391,266.09594359239776,-41.66187494673743,-111.26279667738544,281.3667374753631,-187.60023909175612,-108.82130947694758,428.04638844762025,255.2404758161428,-20.5918990992279,205.18401289006633,409.3581455915233,47.03764466420067,-109.05552701855734,401.6017244121748,-118.39184337346441,-431.3458305224181,-238.4884498574762,64.91813785576474,253.15658080062707,-354.6764314728688,147.74593304115245,132.8327868946602,-399.2479150066802,23.810475907494148,-83.43327375371469,0.3743356168270111,-0.9886065125465393,0.4001895785331726,0.3855487108230591,-1.342646837234497,0.3907831311225891,0.0,0.0,0.0,0.3929097056388855,-1.1250766515731812,0.9662445187568665,0.283267080783844,-1.1780816316604614,0.9458139538764954,0.0,0.0,0.0,0.7589764595031738,-1.0821651220321655,0.31406664848327637,0.06578180938959122,-0.9185545444488525,0.4732210636138916,0.7161422371864319,-0.8279100656509399,0.48239147663116455
1563202700.845276641,48.85898752161639,210.10446420805064,15.708717922139927,-91.7324710777921,249.6839042235352,88.91017105155507,-213.07543166024826,-127.20541645225076,-19.516406944831058,-199.46615471357242,-123.02145496209071,-397.74908278232544,197.54262944379948,170.52507594756608,47.14126556069454,231.5582760021786,-222.49081220574382,-74.7991095724951,173.9760960359659,-197.36881411761354,-453.48669953489645,20.791367815198193,136.16369141408524,152.68875582130113,-6.931329143158717,-12.138615274814041,229.44011134309434,-49.13853805906705,-114.64402211672244,277.60903469895504,-183.9486015366549,-113.58219312407586,430.3468640024866,222.2735674624758,-23.431046700603982,249.17004118397966,418.8308540583388,51.92031676847594,-104.00352419706684,414.1828240782995,-118.15196305309051,-428.0792313282917,-231.8302622125626,61.995706992202834,254.16311817836242,-342.49266783299004,148.39168365429083,87.71658064885376,-388.88732891317943,21.32803772687529,-84.15861072377547,0.37480461597442627,-0.987339198589325,0.4129400849342346,0.3857617974281311,-1.3407260179519653,0.4124079644680023,0.0,0.0,0.0,0.3938685953617096,-1.1230376958847046,0.9742341637611389,0.2844071090221405,-1.1756072044372559,0.9541478753089905,0.0,0.0,0.0,0.758895754814148,-1.0826890468597412,0.32841816544532776,0.066197469830513,-0.9145207405090332,0.48305565118789673,0.716221034526825,-0.8250568509101868,0.49309563636779785
1563202700.885473688,72.39911377148648,225.9715311653376,27.52873657532135,-51.95405000850485,277.99831329143086,86.23912728888139,-221.16339508360178,-95.35269274876849,23.953852109305522,-197.99740660954356,-85.28155866731127,-332.53395346010467,232.86037704607867,173.9447948567927,86.45811400914619,215.34508994489087,-221.10126026387076,-174.17946814462053,214.16935791591536,-163.17957316957134,-446.806373880441,37.75123325342592,133.57495869026332,162.09268727315936,19.893735295579663,-25.89007695252764,261.9893408842287,-55.99402900319076,-131.31466658505798,283.60098144936126,-150.5094951019175,-130.6841830977286,458.7527518134213,207.82678103388952,-48.97594092017844,244.53435293300734,400.1212747401673,-8.825263206881502,-61.795091724861365,386.99482198105983,-176.52180549725142,-364.5345597578721,-236.3093470352992,61.918637887528824,244.23072092782837,-379.61452428994494,178.24155115977416,-12.317579438296008,-439.66321985311964,28.746597328544826,-199.5686474019049,0.37422147393226624,-0.9851649403572083,0.4235585629940033,0.3851912319660187,-1.3383225202560425,0.43319693207740784,0.0,0.0,0.0,0.07158880680799484,-0.9262630343437195,0.503557562828064,0.2852836847305298,-1.1734389066696167,0.9633108377456665,0.05114749073982239,-1.0814839601516724,0.2860144376754761,0.7584740519523621,-1.0838847160339355,0.34323573112487793,0.06486420333385468,-0.9127157926559448,0.49378541111946106,0.7164740562438965,-0.8233293890953064,0.5041590332984924
1563202700.925573853,75.65906725046607,229.80605486017942,60.90040505545788,-42.625482704427434,279.62969918021776,126.91606200820446,-209.09592107599923,-62.54277797054353,12.964137908662648,-187.6397741689699,-36.516241944970176,-340.78779603672587,235.3214612419508,179.98245756579206,128.88381984653535,219.94759929356832,-189.01124157727278,-133.77440190847759,221.8179188517637,-129.57911200835645,-449.0658623498327,33.20810591010685,119.88928890637219,175.0622814865962,-16.890019198805707,-51.00308357013957,209.15459602268092,-67.51604627015726,-151.50058908160744,257.68628399472385,-149.6594098458173,-159.30736160840198,434.9222746336895,167.55082342785093,-69.97729436194818,268.7034247369087,397.79599071473893,-14.000448792406651,-69.19373439531546,388.3936010366963,-177.54156221089053,-373.3600561848291,-230.09015674772752,37.74487976718958,228.8799301049309,-367.0965359035349,165.6329019928376,-25.94703590886142,-427.7300949398821,23.155244441696283,-211.88319006061218,0.37362441420555115,-0.9834136962890625,0.4408564865589142,0.38424354791641235,-1.3364927768707275,0.4616607427597046,0.0,0.0,0.0,0.07080277055501938,-0.9250696301460266,0.5215781927108765,0.28346920013427734,-1.1699779033660889,0.9792453646659851,0.05114749073982239,-1.0814839601516724,0.2860144376754761,0.7581093311309814,-1.0844427347183228,0.36486536264419556,0.39129525423049927,-1.1128296852111816,1.0038100481033325,0.7163163423538208,-0.8224236369132996,0.5217463970184326
1563202700.964897935,63.3393852564931,224.15986007670438,42.06274356901625,-51.51317454054759,274.5820274931307,107.59830173526039,-214.72692048295198,-85.36866944879745,-5.267833106391902,-192.13726123690574,-47.368483607910136,-308.67547688538167,191.1553266705815,173.73772673474147,105.32074483373064,213.69405654051252,-211.39658193585586,-205.00330198609507,213.91352047908657,-127.53208784566958,-468.3730407837857,30.80253172542657,121.45961652872204,170.40970938960666,-16.001701076489667,-42.273361793377006,237.97397514042808,-54.342071011040325,-147.62636007440122,281.15615092419716,-145.24911616657408,-150.72279090724288,467.5511327415782,205.9429577023388,-58.61979452418919,256.6311502198171,436.34154070350655,-2.586253994258436,-82.534255337407,388.1228157187923,-174.24697338873685,-337.4594665137895,-230.6752541963493,44.91730816810472,258.92702869562083,-370.9114825861592,176.80175575548063,5.070979173197868,-427.95530754673695,27.136672567760318,-225.3397825867031,0.3718824088573456,-0.9833713173866272,0.4646655023097992,0.38312119245529175,-1.3355798721313477,0.4914247989654541,0.0,0.0,0.0,0.0688105970621109,-0.9237896203994751,0.5437556505203247,0.2808128297328949,-1.1655641794204712,0.9998622536659241,0.05114749073982239,-1.0814839601516724,0.2860144376754761,0.7571578025817871,-1.0854650735855103,0.39334985613822937,0.387983500957489,-1.1074957847595215,1.027038812637329,0.7166274189949036,-0.821597158908844,0.5451618432998657
1563202701.5167128,54.38463402833585,215.57133351049058,46.28739678578836,-85.68643650525931,252.49435874755355,128.34949322724296,-205.7537754362207,-117.42333081528002,-84.46984886042357,-185.01106715519137,-52.84100259787529,-336.0278948836108,198.67503765894605,178.64832900161284,91.90514879489558,233.88147520836517,-204.74436883132356,-176.99590305544797,229.10072021658922,-122.18092835238811,-345.06836649834776,19.974897703576616,115.49017400780869,170.6767326608857,-12.621506445104819,-41.345834371721914,259.69362191412444,-64.35753139800272,-147.7854965964894,281.62193375041517,-183.0996328730625,-150.96226793561553,456.4349647805953,175.5380128327211,-48.35524434462489,282.74825283397564,450.9500071410619,28.94705717794958,-59.064244327762914,410.9659043290505,-141.53074415430183,-370.1597043291451,-230.98129081991044,37.19326857965408,240.9879153034335,-369.2452748627588,175.05002390151654,-22.589294462033365,-426.7121732936594,22.837730283208383,-261.268086789287,0.37086984515190125,-0.983130156993866,0.495980441570282,0.3820197284221649,-1.3351280689239502,0.5243538618087769,0.0,0.0,0.0,0.067470982670784,-0.9201446175575256,0.5710217356681824,0.2784557044506073,-1.162561297416687,1.0241769552230835,0.05114749073982239,-1.0814839601516724,0.2860144376754761,0.7563024759292603,-1.0847784280776978,0.4254416227340698,0.3858273923397064,-1.106143593788147,1.0458886623382568,0.7137799859046936,-0.8220123648643494,0.5716859102249146
1563202701.45070872,63.37242696905309,217.88606383471293,43.3720377332423,-80.83043173643478,274.2062804474213,115.76239912894447,-223.17327852953466,-70.26992492538385,-159.11873787458674,-407.0498517086386,-18.70222467335054,-383.172219020434,196.02640812206783,161.56590129686475,65.61240561256949,225.88906842641316,-218.50075158787922,-167.2074217387006,219.6381283926544,-139.58650156188202,-428.6000315932482,35.47705782044521,114.93210567855583,174.9360702918974,-6.3243778781166275,-48.22660544889714,322.049563740662,-49.7191406134789,-152.8676307013403,286.89187810508975,-179.99450567134144,-160.0416346972543,403.75575670997216,217.1177837914951,-68.04970152164377,263.1343727229362,456.4409699534869,16.500433874185845,-83.98799392620228,408.55158683191064,-151.1780357557004,-398.8827680379545,-183.8345293654194,40.6109098073834,310.2198520241593,-319.1468982994117,157.80142659640498,63.29132181882931,-323.3100723516144,36.33838738299482,-120.97414118663625,0.3692797124385834,-0.981920599937439,0.531370222568512,0.3807357847690582,-1.3341286182403564,0.5602498054504395,0.0,0.0,0.0,0.06544941663742065,-0.9165863394737244,0.6030796766281128,0.27382829785346985,-1.1606601476669312,1.0531237125396729,0.05114749073982239,-1.0814839601516724,0.2860144376754761,0.7563167810440063,-1.083025574684143,0.4606378972530365,0.36987510323524475,-1.101827621459961,1.0632134675979614,0.71417635679245,-0.8156585693359375,0.6076620817184448
1563202701.85238623,87.76902203640964,219.80949574015375,50.84045382736487,-27.600860213830632,288.17251849685357,106.61730432485173,-223.1404490109947,-21.16673086580829,-133.70933762655477,-355.60134086360983,59.08592355067033,-340.501254005116,208.76819026186556,151.44652939443688,96.13460516760982,233.42083395305292,-193.89839841983922,-231.1742891394065,234.17198292922805,-71.70523916332724,-294.946044159195,40.1644359814989,94.27177837613064,174.68468225584277,-11.162339602661604,-82.55198697915844,269.44062228311714,-78.36952669898713,-184.76616209512255,269.16273607892845,-194.16833251158366,-199.1976850343906,430.15636896330017,177.41233690678612,-110.24785486754952,290.43588788864344,468.6388711623902,-19.45806710841352,-104.64134132879946,422.3760837437254,-197.98908433105973,-434.26973899409404,-227.3864456185368,23.503725194841987,257.80398455886177,-322.9010239763676,178.617034439335,43.28318745359372,-382.82750718262986,56.97547656551548,-148.62519937195387,0.36801546812057495,-0.9795660972595215,0.5621833205223083,0.38017767667770386,-1.331817626953125,0.5907926559448242,0.0,0.0,0.0,0.06385784596204758,-0.9143256545066833,0.6310037970542908,0.26974061131477356,-1.1592015027999878,1.0791720151901245,0.05114749073982239,-1.0814839601516724,0.2860144376754761,0.7542352080345154,-1.0800966024398804,0.4925857484340668,0.36428606510162354,-1.1013556718826294,1.1016535758972168,0.7120217084884644,-0.8123759031295776,0.638783872127533
1563202701.125416642,69.84637941808361,214.9640147709102,41.36578152441109,-90.1368549813558,264.6870068357777,96.2340229176845,-182.5609422139978,-77.97568526739892,-216.8841220695866,-158.3511970405546,62.76357792004109,-381.95087838267267,212.83571144519547,165.24105457884986,96.74210340925622,193.89022790952257,-190.20804920814922,-203.60842196565466,186.96568332264656,-48.2248904121447,-271.5861061281414,17.058565489590013,89.52859052175224,166.57525799803187,-24.000040125328294,-79.5968579044757,271.10956663034017,-90.43108753024178,-181.94385600759904,264.75934302246435,-265.51637507787666,-191.95489759773992,358.8062335817271,225.10153126318474,-88.4764658804151,300.1035188292997,507.96471498167733,2.810474572055573,-60.85474664269227,510.5620198896492,-170.67093128197467,-356.5098386829119,-261.702026208755,19.352268965111453,254.92643232780864,-420.6974484361738,168.82646736410305,36.00947268642838,-434.3550047262514,41.31640923136252,-107.90993554809428,0.36653345823287964,-0.975468635559082,0.6027591824531555,0.37874460220336914,-1.3278549909591675,0.6302151083946228,0.0,0.0,0.0,0.061660826206207275,-0.9092288017272949,0.6683598756790161,0.2634069323539734,-1.1574420928955078,1.1155329942703247,0.04576461389660835,-1.0805072784423828,0.4660700559616089,0.7534345984458923,-1.0748440027236938,0.5331842303276062,0.35872429609298706,-1.10013747215271,1.1385661363601685,0.7088664770126343,-0.8090755939483643,0.6786249279975891
1563202701.165096543,-41.37835189556726,148.41519136565745,-49.48495685441868,-197.9758789791189,115.06852801954015,-5.527532753675656,-187.15513146899514,-227.07150290420333,-179.34373984100935,-179.71813344028203,-195.19615156561207,-587.6884773021663,72.57921834798105,181.76185157925002,-7.46665301407066,219.1789346997366,-159.03133905307544,-180.00954884610073,204.55090671811212,-154.96302036953165,-590.3662737950509,-27.119182010095898,130.4573291439173,161.50255787708662,-6.790224957015873,24.621764207919533,337.4728202278608,40.16832322816571,-77.96088476751034,405.0363660986411,114.26098769360746,-59.70996334699281,578.9442840290485,199.76014330162218,85.2426908973045,349.4735981577677,371.52621958708875,179.4353109305005,64.11862648950051,392.1490881223185,53.28267025829937,-211.86948191762133,-219.3970076885318,13.245777685333886,318.4582912174866,-369.6029907819138,37.16909447641469,73.04430826156667,-413.3661311444121,-97.42110425355601,-162.00648252976947,0.36468178033828735,-0.9702068567276001,0.6451500654220581,0.37739241123199463,-1.322669506072998,0.6695239543914795,0.0,0.0,0.0,0.05948418751358986,-0.9047207832336426,0.7081233859062195,0.2579704523086548,-1.1535974740982056,1.1560649871826172,0.045047469437122345,-1.0744633674621582,0.49893102049827576,0.7523109912872314,-1.069927453994751,0.5750885009765625,0.3554511070251465,-1.0984854698181152,1.1780234575271606,0.7067738771438599,-0.8043966293334961,0.7223967909812927
1563202701.205335746,-42.83039879151829,133.86563213411296,-31.855098337939424,-201.3183928556234,113.00107912364686,28.024836211548546,-190.77736073943257,-178.70341108636305,-203.42365721462252,-138.35309773321615,-142.576638879249,-626.6979840463179,71.7435115221515,154.73016872335248,26.976132814563357,174.4994960965591,-139.79869184554124,-207.45022257942566,208.7847431807912,-143.00745209583872,-674.0428791421434,-32.72667969201968,117.23066911136125,171.22719149567587,-48.38259431423287,20.814032303336067,333.90522371929467,17.4898150433941,-77.38553588077794,406.931822412638,70.85069242679691,-57.65411250503421,579.1475080318603,161.74149594626414,72.24764905831886,347.7476203464566,376.8615106376479,173.15097693188832,58.23554704695401,450.59840192335025,44.50020082361066,-232.2304726778309,-226.14444238141968,14.853099220613343,314.85870947175243,-334.92595198610803,8.824179122902146,109.78167077913658,-375.17801170262805,-119.53133475522908,-69.06886239669996,0.3627329468727112,-0.964856743812561,0.688995361328125,0.3763253092765808,-1.3173452615737915,0.7109998464584351,0.32720884680747986,-1.2241473197937012,1.1234275102615356,0.05645715817809105,-0.8987587094306946,0.7470992207527161,0.2538243234157562,-1.1490525007247925,1.2005263566970825,0.04406105726957321,-1.068015456199646,0.5376707315444946,0.7504360675811768,-1.0642809867858887,0.61954665184021,0.35207247734069824,-1.0936871767044067,1.2204965353012085,0.7041588425636292,-0.7995725274085999,0.7648441195487976
1563202701.245231179,-34.3303023202784,5.405156838272544,-98.19023534612633,28.964135595585933,-134.2123805050431,-31.550309278394185,325.7855781864837,-61.65247026952515,-332.54249093252594,416.6744369857571,-47.80514586963871,-858.676550306021,-96.56868168858661,145.0225885562194,-79.36063544027664,-64.78048800346511,140.40297825723707,-398.36022037942195,-31.356916954102093,96.53179316776367,-914.0981725353067,-113.58917166924373,-11.478174824590155,139.55811657686203,-121.54365973767807,-18.232781061643824,356.0093493916323,-61.29552021679024,-7.710099418928679,490.55437604648574,-212.6577667807612,-22.761281075621522,662.3225380512596,-82.18483842526143,133.02193289018746,380.66088827504785,3.854059201612148,305.58566288201655,274.9784948007916,-78.01218131062457,244.7889443769086,93.04231874618448,-156.36065996446192,-165.1661964906131,333.1310093357611,24.70155373661818,-293.23928083359806,219.80855177109825,43.4854292982244,-261.04143005173603,86.0382648620121,0.3606935143470764,-0.9592460989952087,0.7332057356834412,0.37366384267807007,-1.3117495775222778,0.7527652382850647,0.32540321350097656,-1.2226288318634033,1.1417677402496338,0.053984496742486954,-0.8929709196090698,0.7874735593795776,0.25154417753219604,-1.1422945261001587,1.246783971786499,0.04155813157558441,-1.0601975917816162,0.597200334072113,0.748735249042511,-1.0583189725875854,0.6632471680641174,0.3497854173183441,-1.086186408996582,1.2667008638381958,0.7023932933807373,-0.7937325239181519,0.8104627132415771
1563202701.285316042,0.0,0.0,0.0,0.0,0.0,0.0,0.0,0.0,0.0,0.0,0.0,0.0,0.0,0.0,0.0,0.0,0.0,0.0,0.0,0.0,0.0,0.0,0.0,0.0,0.0,0.0,0.0,0.0,0.0,0.0,0.0,0.0,0.0,0.0,0.0,0.0,0.0,0.0,0.0,0.0,0.0,0.0,0.0,0.0,0.0,0.0,0.0,0.0,0.0,0.0,0.0,0.3601687252521515,-0.9557474851608276,0.7595073580741882,0.37182411551475525,-1.3072890043258667,0.7858765721321106,0.32110053300857544,-1.2139695882797241,1.2001657485961914,0.05168696492910385,-0.8871382474899292,0.8202771544456482,0.25018855929374695,-1.1354899406433105,1.2840266227722168,0.040571827441453934,-1.0541995763778687,0.6304156184196472,0.7476654052734375,-1.0532983541488647,0.6977842450141907,0.347292423248291,-1.0821455717086792,1.292337417602539,0.6988573670387268,-0.7882168889045715,0.8437895178794861
1563202701.325595451,0.0,0.0,0.0,0.0,0.0,0.0,0.0,0.0,0.0,0.0,0.0,0.0,0.0,0.0,0.0,0.0,0.0,0.0,0.0,0.0,0.0,0.0,0.0,0.0,0.0,0.0,0.0,0.0,0.0,0.0,0.0,0.0,0.0,0.0,0.0,0.0,0.0,0.0,0.0,0.0,0.0,0.0,0.0,0.0,0.0,0.0,0.0,0.0,0.0,0.0,0.0,0.35751181840896606,-0.9489898681640625,0.8118042945861816,0.3695221543312073,-1.301857829093933,0.8275929093360901,0.32110053300857544,-1.2139695882797241,1.2001657485961914,0.048493627458810806,-0.8814600706100464,0.860424280166626,0.24746501445770264,-1.1268638372421265,1.3230193853378296,0.0374978668987751,-1.0498456954956055,0.6712018251419067,0.7456128001213074,-1.046868920326233,0.7414292693138123,0.34488150477409363,-1.0689008235931396,1.3483327627182007,0.6955261826515198,-0.7822375297546387,0.8857756853103638
1563202701.365248714,0.0,0.0,0.0,0.0,0.0,0.0,0.0,0.0,0.0,0.0,0.0,0.0,0.0,0.0,0.0,0.0,0.0,0.0,0.0,0.0,0.0,0.0,0.0,0.0,0.0,0.0,0.0,0.0,0.0,0.0,0.0,0.0,0.0,0.0,0.0,0.0,0.0,0.0,0.0,0.0,0.0,0.0,0.0,0.0,0.0,0.0,0.0,0.0,0.0,0.0,0.0,0.35501033067703247,-0.9437240958213806,0.8541931509971619,0.36829644441604614,-1.2964885234832764,0.8682839870452881,0.32110053300857544,-1.2139695882797241,1.2001657485961914,0.045439958572387695,-0.8763113617897034,0.8997724652290344,0.24511100351810455,-1.1125661134719849,1.3809551000595093,0.03597402572631836,-1.0436002016067505,0.7135988473892212,0.7437046766281128,-1.0404239892959595,0.7832397222518921,0.3427286744117737,-1.0571717023849487,1.3934555053710938,0.6917791366577148,-0.7754845023155212,0.9256020188331604
1563202701.405153682,-1.7139590171943027,-71.04040431932694,-106.37995003572242,156.1759655788646,-85.45398401016227,-82.50526743688378,205.80372646088392,208.39878139704066,-346.42316931920567,194.4563307925924,171.26077852559,-737.2169149505615,-138.7616200671114,-56.62679592377003,-85.34416154494009,-125.0654663261707,232.22687217009772,-347.93650323081414,-108.63742671211371,159.8777296888815,-698.7424378166178,-21.11636560709308,-118.72276154660715,156.89200617054462,-55.9802480934863,-78.97303127376624,460.4877321285914,-42.78433916215128,25.0488296625598,524.5324878185834,-128.08410432874783,-24.978908240839758,703.4048211948134,-220.26339534836828,-78.69830412938374,396.6667622633341,-340.0664643764275,-70.87724303109759,81.18847654237783,-333.7584523358199,75.96819952248151,-76.10574324386667,144.00314310179866,-109.3459805487641,439.59520290232547,347.727102724823,-160.45840177844815,138.51436119557428,402.45090895266713,-13.493656078349003,-71.09082297961554,0.35299795866012573,-0.9394906759262085,0.89557945728302,0.36821022629737854,-1.2922375202178955,0.907328724861145,0.32110053300857544,-1.2139695882797241,1.2001657485961914,0.04292836785316467,-0.8712623119354248,0.937925398349762,0.24167127907276154,-1.0959450006484985,1.4304214715957642,0.033252276480197906,-1.0406856536865234,0.7541408538818359,0.740986704826355,-1.033705234527588,0.8235777020454407,0.34065449237823486,-1.0401463508605957,1.4399737119674683,0.6893242597579956,-0.7691604495048523,0.9664723873138428
1563202701.445247159,0.0,0.0,0.0,0.0,0.0,0.0,0.0,0.0,0.0,0.0,0.0,0.0,0.0,0.0,0.0,0.0,0.0,0.0,0.0,0.0,0.0,0.0,0.0,0.0,0.0,0.0,0.0,0.0,0.0,0.0,0.0,0.0,0.0,0.0,0.0,0.0,0.0,0.0,0.0,0.0,0.0,0.0,0.0,0.0,0.0,0.0,0.0,0.0,0.0,0.0,0.0,0.3505890965461731,-0.9361902475357056,0.9357967376708984,0.3674360513687134,-1.288448452949524,0.9469637870788574,0.32110053300857544,-1.2139695882797241,1.2001657485961914,0.039992593228816986,-0.8658263087272644,0.9741432070732117,0.23824480175971985,-1.0754214525222778,1.4779224395751953,0.03203197196125984,-1.0359139442443848,0.7937037348747253,0.7403439879417419,-1.027970552444458,0.8619232177734375,0.33814799785614014,-1.0200468301773071,1.4836393594741821,0.6881715059280396,-0.7640084028244019,0.9961751699447632
1563202701.485477321,0.0,0.0,0.0,0.0,0.0,0.0,0.0,0.0,0.0,0.0,0.0,0.0,0.0,0.0,0.0,0.0,0.0,0.0,0.0,0.0,0.0,0.0,0.0,0.0,0.0,0.0,0.0,0.0,0.0,0.0,0.0,0.0,0.0,0.0,0.0,0.0,0.0,0.0,0.0,0.0,0.0,0.0,0.0,0.0,0.0,0.0,0.0,0.0,0.0,0.0,0.0,0.3492219150066376,-0.9327916502952576,0.974501371383667,0.36664074659347534,-1.2855923175811768,0.9843262434005737,0.32110053300857544,-1.2139695882797241,1.2001657485961914,0.038474276661872864,-0.860182523727417,1.007805585861206,0.2369055449962616,-1.0535023212432861,1.5226030349731445,0.03010249137878418,-1.032081127166748,0.8326442241668701,0.7384787201881409,-1.0232148170471191,0.8983772993087769,0.33674678206443787,-0.9989137649536133,1.5255286693572998,0.6855759620666504,-0.7572907209396362,1.0370804071426392
1563202701.525280643,5.182298306826031,66.34373594451039,-86.53211362443102,-132.34537191757587,56.16884474167662,-46.864803111631126,-122.29324790431149,-184.3595708034314,-392.686099625485,-108.72271561007341,-109.44127547858785,-774.5905015604686,154.50973247323952,76.51861813963966,-43.628325304384894,196.08188908618308,-170.40495782660145,-388.5920361363307,187.9387861135446,-100.44744634903326,-772.448148648652,-10.603636806102557,102.86041653846401,168.3878217723677,-52.49370940259054,59.918419396680434,447.9032323080913,-38.834043388379385,-40.142087586062175,519.4528560266115,-121.75051316491374,7.8562257259945865,713.9674254611377,173.67803414550067,84.46672324107998,428.37742138154886,342.9769718580822,106.96467132608424,140.62346640653308,390.3140625622754,-41.69276178542163,66.61721039930693,-211.6073589328871,69.13280628517622,385.38982036155505,-330.5338225135024,82.4777091859254,76.14655194042784,-365.7527367772918,-67.60947731746444,-76.02249394013485,0.3480241894721985,-0.9305652976036072,1.003868579864502,0.3668585419654846,-1.2830166816711426,1.0129040479660034,0.32110053300857544,-1.2139695882797241,1.2001657485961914,0.03769391030073166,-0.8544429540634155,1.0341405868530273,0.2354183793067932,-1.0340720415115356,1.5565762519836426,0.028485681861639023,-1.030447244644165,0.8620031476020813,0.7370847463607788,-1.0195140838623047,0.9265804290771484,0.33600670099258423,-0.9800298810005188,1.5572290420532227,0.6826571822166443,-0.7520694732666016,1.0614076852798462
1563202701.565399583,14.432220605093747,56.33276139526867,-92.26940724427824,-101.53201460600461,66.80005253659702,-64.25599161501614,-132.44896486756693,-139.80156789329865,-416.02945828812625,-117.3890527665398,-63.55008374472987,-833.3918057991184,148.37962759018924,45.86547396083372,-61.40455623376288,178.1009298632102,-163.2708759816192,-412.50454358262846,174.77318535540675,-80.95866739240974,-830.6938283647646,2.8750903887359156,91.64264442291153,173.2978829276634,-23.42658229404827,51.11258250834454,463.7804667069843,-43.14590798438799,-47.97344525835448,534.2424621466577,-125.52202392414196,0.597345177363667,726.4814513803238,167.64347480797548,54.20469313359375,443.70644741635994,332.3960373221909,55.35689278611767,162.4924078474326,372.2099000412197,-89.52057116617938,89.34779924060761,-209.51598981076134,81.16885714066997,402.6009256621354,-294.69897644221646,111.56698781215806,135.5075768900396,-368.96955025975933,-28.761870658154006,-46.919611978165314,0.3468432128429413,-0.927315890789032,1.0390560626983643,0.3650375306606293,-1.2800558805465698,1.047905445098877,0.32110053300857544,-1.2139695882797241,1.2001657485961914,0.03750713914632797,-0.8472834825515747,1.0651485919952393,0.23391662538051605,-1.009016752243042,1.5978615283966064,0.027623392641544342,-1.0248688459396362,0.8969731330871582,0.7349452376365662,-1.0146504640579224,0.9616329073905945,0.3343579173088074,-0.9555670022964478,1.594931721687317,0.6797308921813965,-0.7455509901046753,1.0921192169189453
1563202701.605166619,12.539730513443972,57.90804785495492,-93.87481418936424,-103.24042239938633,69.78685900172411,-65.78228193410246,-133.21441185931968,-151.6497522041439,-403.7954815220165,-116.5381512834358,-78.33460595697635,-809.0671663207062,143.03156009377992,46.029240077053515,-63.47776074402542,169.61732521413055,-178.96353623598176,-400.2957905929093,164.69596091375317,-100.19845823363269,-806.6942170644207,3.3793890703076164,95.80491614117128,172.01352670521905,-53.55811713762737,55.31919885504712,481.42174490737244,-39.18401708611022,-44.48004709570956,536.0860858546358,-91.61912630184038,4.841980285929253,738.2288836234865,163.3077221523458,57.831457129220695,430.44761502480196,353.8292057599515,67.93254282776506,151.41702564920826,358.70638317015306,-77.53348972356486,38.17691206158174,-205.9387703063651,85.57953879000368,391.57468832436,-289.4502042120997,115.56040971936966,127.80323713053522,-359.6289537957969,-24.703894433822814,-50.82987849241195,0.34556663036346436,-0.9240394234657288,1.0728217363357544,0.3626675307750702,-1.2765538692474365,1.0830203294754028,0.32110053300857544,-1.2139695882797241,1.2001657485961914,0.34719789028167725,-0.937950611114502,1.6311070919036865,0.23178569972515106,-0.9811221361160278,1.6367363929748535,0.02792712114751339,-1.021212100982666,0.9307683706283569,0.7330220937728882,-1.0127910375595093,0.9952166676521301,0.03206542134284973,-0.8268689513206482,1.087782859802246,0.6770887970924377,-0.7409393191337585,1.1203327178955078
1563202701.645106106,1.530242968309386,59.36553034323193,-71.47032850082901,-128.93790956213812,52.24526880107676,-26.53499047989484,-118.84486079073436,-140.11847633248155,-399.80961658544265,-108.97002683807696,-60.304066062133806,-829.7490467731164,138.45600045705717,66.4857831159971,-25.36117756237673,173.33233242702406,-129.01087543255196,-430.24816435373594,167.48528238894417,-42.51537509924488,-831.0774325621636,-8.588620970390583,89.92919482467165,180.14785567303474,-48.80719271312489,46.72867640366887,470.1274282871145,-27.59405079245852,-49.39416864063285,523.6080112159076,-82.6240092388586,-1.386115418603341,717.721258616639,160.03212446831904,66.97531501663745,419.19771085215154,308.903394480693,81.2076381991484,144.25410479870126,310.58814981889225,-56.79240604982983,37.974435511728636,-197.16158104721995,54.65502806005415,383.32788838386716,-275.7526376770382,46.82884695066182,127.74077149576316,-297.69906616145863,-85.98771864792947,-5.518282722646475,0.3447975516319275,-0.920749843120575,1.1049447059631348,0.3618737757205963,-1.2729729413986206,1.1155802011489868,0.32110053300857544,-1.2139695882797241,1.2001657485961914,0.34618079662323,-0.9107488989830017,1.6641061305999756,0.2303784042596817,-0.9523999094963074,1.6721786260604858,0.025767100974917412,-1.0161546468734741,0.9626303315162659,0.7320874929428101,-1.0092833042144775,1.027404546737671,0.031678587198257446,-0.8193804025650024,1.1152294874191284,0.6762295365333557,-0.7380409836769104,1.1354540586471558
1563202701.685012236,17.001952287499034,48.60415003794557,-99.62895821330514,-103.07118225469637,60.28425701583098,-74.86955954767586,-134.752353876,-140.71524386811188,-420.2996217807141,-118.8571013224585,-57.31438572959498,-827.1077583919828,172.18745456773712,36.924051720080826,-71.92490600610085,167.21750223971588,-163.29530590907956,-452.89832462743425,164.1041353950862,-77.45929205363349,-863.7508642998988,6.730422200065023,89.48961863133098,171.83233369378252,-26.517919732723502,56.81348343122358,508.3966484232784,-40.456981124927346,-41.89825875866249,544.9202647586416,-95.10114702149272,9.964206867552827,736.2223025199725,160.32106284683613,56.77316066860262,428.7486056249779,321.3974467631596,49.244943657024216,218.2416348432469,354.9164101340399,-86.38117450374871,79.43361478813193,-208.05211346097207,86.3397494075475,387.23264703625586,-291.1162883371118,106.8473803948201,125.95464401431927,-362.67590593519276,-33.6962681119528,-15.388333278418214,0.34460610151290894,-0.9170506596565247,1.1356316804885864,0.35936233401298523,-1.2693597078323364,1.1465970277786255,0.32110053300857544,-1.2139695882797241,1.2001657485961914,0.34572964906692505,-0.8840383291244507,1.6932368278503418,0.22968126833438873,-0.924013078212738,1.703825831413269,0.024782249704003334,-1.011966347694397,0.9936223030090332,0.7310378551483154,-1.0071336030960083,1.0566407442092896,0.031225595623254776,-0.8119951486587524,1.1412233114242554,0.6740494966506958,-0.7308083176612854,1.1697386503219604
1563202701.724806473,1.4354068123106247,50.66490337198704,-94.19955590762734,-110.83831044114937,38.853232306283495,-77.39398348600143,-129.99107753104963,-168.13895575402094,-413.599211357623,-120.41161180296046,-69.66913263031267,-806.6252302960219,157.36375280986977,62.476556353841524,-46.01494760740859,161.69076350142433,-143.60551467699523,-444.5244649469478,152.47809231113135,-69.0961171770677,-843.4124722250398,-15.585870337781701,96.67883831927767,171.4352816395565,-62.49342541884538,65.94870003376809,489.33723368978946,-32.8175520755318,-31.99388107900211,546.1576753197445,-96.82950845814486,22.792239954079363,740.4444860125751,146.34844085944638,91.814784204543,438.4574683277429,295.43756646080345,109.89624669644235,163.3083008711657,331.42641713527235,-36.841019871999535,23.2702518209966,-210.88977611291784,62.06636703330612,400.8819073649067,-283.0706463321104,24.71617486852538,112.88028520695198,-230.2206769640305,-109.50665704274759,18.522376212458106,0.34391382336616516,-0.9139556288719177,1.1585944890975952,0.35730770230293274,-1.2669308185577393,1.1709744930267334,0.29155102372169495,-1.010630488395691,1.710722804069519,0.34618037939071655,-0.864233672618866,1.7137601375579834,0.23071137070655823,-0.9025416970252991,1.7264143228530884,0.023905862122774124,-1.0081206560134888,1.0153532028198242,0.7293133735656738,-1.0051894187927246,1.079849362373352,0.030919887125492096,-0.806032121181488,1.1590423583984375,0.6729761362075806,-0.7275685667991638,1.1827186346054077
1563202701.765201854,-3.1715965342477683,47.10718672091049,-92.13168590408961,-112.63788928761733,25.161500982797058,-57.43697028212757,-127.48655369513182,-166.57000400257138,-421.72577918971416,-122.34120342791824,-62.93286781812012,-809.267719198072,150.6578570186756,69.05285103988544,-55.33070693007085,158.22512600508654,-125.13095977526056,-452.42329091859074,146.4442205107333,-47.97231351079448,-845.4171311164237,-21.85704446920644,93.7118839339317,171.61898307338447,-66.198481306658,65.38176846789035,501.6133118008882,-30.381724810371043,-30.100087286985836,546.561313407666,-98.31799158115922,24.633827332404724,749.3061742553141,138.7890041415029,101.07158787444862,423.45536076814403,286.98761440828605,117.16177716738527,183.88341472852233,322.4285088569639,-31.27188064266693,52.010463287737316,-211.68726321037408,48.6660719283323,385.208165053144,-277.9348470658269,-2.4129828100670268,97.69829532910865,-186.92810134661858,-130.74796588421026,2.917153362317275,0.3434770703315735,-0.9105249643325806,1.1844369173049927,0.35515475273132324,-1.2629525661468506,1.198307752609253,0.29146015644073486,-0.9900159239768982,1.7344566583633423,0.34670716524124146,-0.8407200574874878,1.736255168914795,0.2308550924062729,-0.8775366544723511,1.750455379486084,0.023605799302458763,-1.0042901039123535,1.0415897369384766,0.7285540103912354,-1.0033220052719116,1.106268048286438,0.032277196645736694,-0.7985991835594177,1.178682804107666,0.672115683555603,-0.7227058410644531,1.202280044555664
1563202701.805531014,-19.18921142066448,53.404306174122794,-94.12387689927209,-118.32115125233716,3.4880922018235347,-65.61502065442092,-123.7536766031224,-157.554536221097,-428.98892358014007,-128.0424023669091,-49.363827105826715,-842.6435733230207,107.23142239582106,103.32049462340599,-63.656892596027944,153.587794193544,-64.35956961117984,-456.4997575896616,135.2837490592962,19.050231523449106,-845.5544992453566,-40.907886039113905,88.32215576916434,169.80550480165806,-45.38460517797953,52.38629222700152,512.6516376093406,-20.285920243014548,-38.314811326701985,541.7460848106808,-100.13969854581259,11.410321189424502,727.8926229846046,124.62676234409224,115.94005895096635,436.1305256572662,272.12132245757164,138.05687600897625,205.4919402873676,310.4826212536144,-19.848437450918386,84.72956683577009,-213.57470938717915,5.408236237185265,370.62400108794606,-270.15121209508084,-83.07742482148637,89.5463546979646,-103.96621624503015,-193.0247990213461,33.763503038896964,0.34170663356781006,-0.9072521328926086,1.2087323665618896,0.3524938225746155,-1.2600033283233643,1.223915934562683,0.29131150245666504,-0.9760066866874695,1.7505366802215576,0.3466486632823944,-0.8187481760978699,1.7571296691894531,0.23114529252052307,-0.854204535484314,1.772596001625061,0.023465676233172417,-1.0002319812774658,1.0638939142227173,0.7274342775344849,-1.0005953311920166,1.1302636861801147,0.03389393538236618,-0.7911733388900757,1.1957076787948608,0.6707972288131714,-0.716517984867096,1.2230132818222046
1563202701.845302676,-6.869039360550336,51.86254593501704,-86.2831405553656,-121.04958852939066,30.379701820950398,-48.34187497172735,-137.81862992369577,-139.41848319306322,-444.44678965350744,-136.30938349348637,-22.027787875253196,-824.5357874807984,135.39130780177837,73.34537619940798,-46.952094575742414,139.8264240526168,-97.66643406815838,-475.009812682852,127.1893180329499,-3.26993741456546,-860.1742948356919,-19.87618976493965,88.4605162004994,173.26161982278072,-44.527186699075074,53.91845321138494,497.498615649604,-20.17743684491801,-39.225773021417325,539.393415038688,-74.01361788010956,14.955510105215998,738.948237626899,154.6953899432895,89.9658710164954,420.83427233779196,270.0181496182434,92.0111690896205,186.57220620108276,298.89173838480366,-59.089917674134036,101.63932179443688,-213.7449418222545,36.70153317764986,384.1461807449482,-246.42096191391803,-23.876517845921107,72.94291363372137,-152.12801755486484,-151.42134042359953,51.24286922901597,0.3397701382637024,-0.9045572876930237,1.2294305562973022,0.3508988916873932,-1.2558640241622925,1.2461384534835815,0.2890714406967163,-0.9408500790596008,1.7866359949111938,0.3463914394378662,-0.7972587943077087,1.7741692066192627,0.22991721332073212,-0.831733763217926,1.7908326387405396,0.02317788451910019,-0.9959830045700073,1.084693193435669,0.7261872887611389,-0.9978275895118713,1.1517245769500732,0.035857923328876495,-0.7846013903617859,1.2102185487747192,0.6707620620727539,-0.7119729518890381,1.2372784614562988
1563202701.885479705,-9.247455502290915,47.43844504525311,-91.80037264422609,-120.40166890401166,16.645704682071205,-54.57557565836051,-133.84811381204835,-148.21254520387308,-452.46154143594515,-134.4977853257827,-30.964609070662853,-834.9984464516903,136.93636531706827,78.23116445622489,-53.10616308509205,145.00526965298872,-87.66452778341306,-483.8173852230179,130.72069698246023,4.279426675782855,-871.2734912993158,-25.458880495751128,86.71185062251375,169.9608257649289,-42.905828700619175,57.71628705594139,494.6842945667982,-16.018969425063187,-35.201498239689954,540.0302319763721,-71.4051810650239,18.336119869929583,737.5889852155883,156.66309040643625,102.75075102049026,416.83336188124366,273.9043221713205,111.40557680914502,182.516433071334,304.46711351546935,-42.86919595450348,96.85259057005425,-213.61441350552482,30.874571657014087,382.29194162462056,-279.41887015163485,-46.11908831634348,106.57899516285732,-151.60499656258744,-169.66266019068092,90.4582814149802,0.34013670682907104,-0.9002546072006226,1.243618369102478,0.3491584062576294,-1.2529934644699097,1.2627348899841309,0.2890433669090271,-0.9324325919151306,1.7943085432052612,0.3461252748966217,-0.781065046787262,1.7867324352264404,0.2291475385427475,-0.815030574798584,1.8038924932479858,0.023803191259503365,-0.9925912022590637,1.0986149311065674,0.7249428033828735,-0.9956682920455933,1.1670559644699097,0.03766430914402008,-0.7791539430618286,1.220174789428711,0.6699362993240356,-0.707709789276123,1.246185541152954
1563202701.925019773,-3.3003095713847292,42.2212317788107,-96.94345037486548,-116.06791936621099,17.521550728062802,-62.47021422744454,-131.2538993897733,-152.93369464301958,-456.63994901969886,-129.16776486802468,-38.850215189877815,-836.4306321536197,140.91315880927039,66.92090402131393,-60.59312453664261,145.50980152588392,-105.23464948513978,-487.0615119662914,132.33682508365698,-12.29415557912428,-871.7060983277604,-18.312680040902432,87.02140248206418,169.81426414414824,-40.48233296777619,61.239008863210465,515.1743750742726,-17.992247891260526,-32.31960423048532,549.055301340988,-68.97946556669865,23.698473245103894,757.5773171187034,158.83306112082548,99.07243703726692,411.39669685000723,277.20948687108626,98.86475862685852,209.5667843107835,305.40462204930895,-48.40301773881727,128.13020641733817,-210.18989010801732,42.41216587565852,374.9236853958755,-276.73774269102074,-11.79204294337083,95.70067137722708,-187.32794048825525,-140.8546024226245,38.53919952632539,0.33965563774108887,-0.8971259593963623,1.2567871809005737,0.34789544343948364,-1.2490559816360474,1.2816356420516968,0.28857049345970154,-0.9129554033279419,1.8116263151168823,0.34686151146888733,-0.7614575624465942,1.7995723485946655,0.22982415556907654,-0.7948893904685974,1.8177467584609985,0.023865832015872,-0.988759458065033,1.1153146028518677,0.7246642708778381,-0.9916282296180725,1.1838231086730957,0.039409395307302475,-0.7722599506378174,1.2307738065719604,0.6707696318626404,-0.7021933794021606,1.2583894729614258
1563202701.964985751,-7.382175406276688,40.048378997590945,-103.10080950830854,-121.15977797636515,7.635099252154821,-72.92049530063001,-135.3978231813712,-145.54016355427484,-474.58608908036945,-137.67163893815544,-23.520284075408686,-858.1395103272745,135.1847885438364,72.46165184620713,-71.350779098472,141.97395747671246,-83.36392357007028,-505.57410446416884,126.95620855499601,13.085236282806594,-894.1559027218649,-24.772560899484645,84.7402589208482,167.63225892108156,-46.22852135581527,61.83076518831957,512.0571798783616,-16.2390379926004,-29.880796184128666,554.2152928810926,-74.25333546063338,27.44125193656546,756.8994456502002,153.12150795080913,107.49042706083732,434.64381100850414,272.2277750301024,102.32561733021402,205.78864875109787,302.1719050116456,-51.0615695491479,160.0732416978759,-215.945782718535,31.12948459523004,370.96853364490886,-249.68631284633108,-50.82082302575276,121.31342220524347,-151.2929500732389,-170.01507134455213,72.33681686484216,0.3390654921531677,-0.8923274874687195,1.2749221324920654,0.3474392592906952,-1.2447724342346191,1.2977186441421509,0.2893376052379608,-0.8867565989494324,1.8306306600570679,0.34739530086517334,-0.7432532906532288,1.8102693557739258,0.23111465573310852,-0.7763421535491943,1.829267144203186,0.024536166340112686,-0.9858723878860474,1.1305114030838013,0.7221344113349915,-0.988952100276947,1.1973377466201782,0.041280679404735565,-0.7659178376197815,1.2390928268432617,0.671022891998291,-0.6979544758796692,1.2654556035995483
1563202702.5317903,-9.312477960900281,37.92617195701555,-105.69386635511607,-119.1558101669217,3.32721980295454,-78.14292524234413,-131.9167465109869,-148.23600209992156,-487.1620450823272,-134.33262108266288,-30.120581604818064,-873.9570000024393,111.85189782694084,72.52512373368657,-77.21183131813675,149.4234558431554,-83.33374356335801,-516.5440744150271,133.0713237967107,22.769915591231285,-876.8072002607383,-24.79728843491494,83.02580075771996,169.5630455003481,-41.754063690454515,59.559376591366785,515.6917444509818,-12.378775721435977,-32.79516742052826,562.254510503321,-69.2297362178116,24.70318738720219,764.5911001530924,159.9748194565796,107.1848302063155,436.8349434281507,279.83108215957355,106.93922667606579,203.35084985631698,314.3054735663776,-44.54590565418197,155.678638979403,-213.99511592540674,29.00143202766203,401.37834562201147,-250.64566256000518,-44.76280274633444,120.11433780666287,-187.42829647812485,-168.9457563233182,66.64641420139789,0.33999261260032654,-0.8885659575462341,1.288894534111023,0.34711113572120667,-1.240635633468628,1.3121966123580933,0.2896140217781067,-0.8801717162132263,1.8350985050201416,0.3487602770328522,-0.7268967628479004,1.8201298713684082,0.23221416771411896,-0.760051429271698,1.8396782875061035,0.02378195896744728,-0.9815502762794495,1.145085334777832,0.7217592000961304,-0.986380934715271,1.2101162672042847,0.042411256581544876,-0.7588151097297668,1.2472479343414307,0.6724342107772827,-0.6918665766716003,1.2728697061538696
1563202702.45021982,4.809230627730994,28.22280402000372,-126.27977097363735,-109.00019606599082,19.242626262766695,-106.85745652693478,-128.69483982682397,-166.087031368113,-476.57960214617526,-119.53110929705184,-64.11077769350351,-868.1569132509445,128.92025496150617,37.20298216782079,-105.22252754951923,156.80738866532644,-149.12162032026146,-508.46955988073216,147.4240464295763,-54.63491393986948,-903.8120664620341,-5.533481810485508,91.12332957512571,159.61236166395318,-29.453735115993325,81.93576123966439,526.5696209692968,-20.787272552419203,-15.134736575865068,572.2469583483307,-60.554935209321975,49.27600156476549,778.964456339237,177.13193019743332,100.35463882945695,447.7828973765021,300.1040501423231,78.00827961996953,215.81799811081115,328.8653592118743,-68.64127414588259,168.22931243852602,-205.10495338300137,82.73306162547924,383.12439223752057,-283.355210256679,47.662918797184886,132.38379653422254,-303.55805044555615,-98.70740881011334,78.74347571660189,0.33878132700920105,-0.8855581879615784,1.3008551597595215,0.34607115387916565,-1.237667441368103,1.325003981590271,0.29189854860305786,-0.8554328680038452,1.8484166860580444,0.3496353328227997,-0.7119982838630676,1.8272563219070435,0.23398113250732422,-0.7450936436653137,1.8471053838729858,0.023565243929624557,-0.9768379926681519,1.1571950912475586,0.7217567563056946,-0.9840118288993835,1.2212159633636475,0.04280214011669159,-0.751494288444519,1.253355860710144,0.6724669933319092,-0.6877306699752808,1.2765700817108154
1563202702.85125618,-8.467188718098331,36.252358235318084,-125.39923904023168,-120.3934986941532,1.261795913680847,-110.48655232226648,-132.84579416669658,-164.1750435475905,-485.3530409009775,-133.99181421341376,-44.32189050457329,-877.5491015967298,113.7525484125636,71.24291487615493,-109.40586642166504,151.28659455111062,-98.58514072552971,-517.1456334529965,134.45555164471156,-6.262675681602617,-914.6932649199758,-25.804547622156498,89.3149721250218,163.07448567240385,-43.482306328392845,71.10682826429732,525.5131590403254,-14.635201606384175,-23.57738785956179,576.7512804236957,-71.19739510967551,37.778747258468,778.3491463447032,160.76486522031848,118.75502624097304,446.29991016512395,284.63536860723684,113.54056035853999,244.98150352432899,317.1162911316659,-37.08624451859355,166.7672345006215,-217.49680031555803,38.37582482081844,409.62033338631227,-253.67517986248663,-43.12010490056595,127.92751066656169,-188.9284308593846,-166.57877716884556,74.22308274900445,0.3404145836830139,-0.8835190534591675,1.309178113937378,0.34534743428230286,-1.2350860834121704,1.33431875705719,0.29246583580970764,-0.844529926776886,1.8509026765823364,0.3502117097377777,-0.7008181810379028,1.830942988395691,0.2348099797964096,-0.7342665195465088,1.8504180908203125,0.023174496367573738,-0.9726898670196533,1.1659631729125977,0.7221320867538452,-0.9818885326385498,1.2294902801513672,0.0436323843896389,-0.745244026184082,1.2565234899520874,0.6744803786277771,-0.6836703419685364,1.2787448167800903
1563202702.125230433,-8.546410006935997,36.412911304519945,-124.63552066151667,-119.13984752366069,1.6223392836415014,-111.23824995150912,-130.95088364184014,-165.1424134118013,-480.87633928967585,-131.87952875779024,-45.36788919665704,-868.0438664202366,112.4367636614937,71.2034780378536,-110.17275440902662,149.52496439584772,-99.64207524257591,-512.1830285086779,132.3328384567852,-7.495245938646999,-904.6488324345172,-25.748239698252373,89.35330809219846,162.29272358994157,-42.84443638139287,70.7977147794811,545.4127018977721,-14.166856515721689,-23.4288255345335,574.1115853551863,-70.07026099409623,37.763128402358916,767.3272120403904,158.71810003819257,118.12103917067942,439.114049494523,280.2020478572446,113.59929553558308,238.61484636670588,312.2600918564463,-36.93333566999575,160.75919216279053,-214.66665085526498,38.299301344612964,403.0273988459848,-249.98146101806586,-40.83821157400193,123.38394351660001,-185.94173707621587,-164.34739720685383,69.61439795017127,0.3414950668811798,-0.8786755204200745,1.3205755949020386,0.34440749883651733,-1.2314950227737427,1.3441181182861328,0.29296159744262695,-0.8365636467933655,1.8517714738845825,0.3513911962509155,-0.6873912811279297,1.8315138816833496,0.23545928299427032,-0.7211894392967224,1.8510922193527222,0.022176822647452354,-0.9682009220123291,1.1747223138809204,0.7222751975059509,-0.9796290397644043,1.2381640672683716,0.04372282326221466,-0.739513635635376,1.2573717832565308,0.6762100458145142,-0.6799989342689514,1.2783904075622559
1563202702.165023303,-13.736346648774846,40.70748999356636,-123.65801427239971,-122.03082908789924,-2.796363475277048,-110.64957068050262,-131.26829577139964,-164.1503835418282,-479.30748017316967,-135.249455389883,-40.758801321490196,-865.2218963202142,107.28247705376562,84.21133836648626,-109.553830878366,147.7803868002562,-82.68086933099171,-510.48405110731335,128.38493321752358,7.366721927060233,-901.9818839093609,-32.85099642603184,88.98641898448584,162.39766815047957,-46.40728614652692,66.6944817770251,543.4551841853498,-12.059248735154434,-26.043592523613047,571.6797637042134,-72.44463004617181,32.99166817246273,764.5400030030092,153.4463729033251,123.37975177421323,437.3718478309654,275.0676335444854,123.05957013484007,237.42202635446048,307.9141926070548,-31.916268542259928,160.7023805922256,-216.90047432633386,23.830045716708216,401.5628797867905,-248.43127055224258,-68.4805459633737,122.67306505520145,-147.1437547841746,-183.4506623128488,70.09116250312783,0.3404316306114197,-0.8755816221237183,1.3284136056900024,0.3425174951553345,-1.2276912927627563,1.3520952463150024,0.29478931427001953,-0.8218327164649963,1.8519657850265503,0.3518538475036621,-0.675649106502533,1.8316816091537476,0.2368491291999817,-0.7096719741821289,1.8510844707489014,0.022589493542909622,-0.96354079246521,1.1815439462661743,0.7220807671546936,-0.976416826248169,1.245111107826233,0.043900493532419205,-0.7350636124610901,1.2578516006469727,0.6777909398078918,-0.677126407623291,1.2770261764526367
1563202702.205627010,-15.078723215729132,42.96795054492317,-102.75726585011886,-122.4123012267178,-0.3013902516786976,-78.16345573813449,-133.48718863452288,-143.13367697137937,-479.62842628060827,-138.7964053980126,-18.269258630416918,-861.2658637364934,102.72740652983843,86.23728909796336,-77.08562490461499,141.5357069041124,-63.51573689606998,-510.69174971201187,123.64263902678779,32.8346658349887,-897.4156563502447,-29.817459688626453,81.01404090629906,171.04448482864913,-45.14243784392466,51.13591491908141,532.2491086087916,-3.868224759378809,-39.28760912719354,556.187951386913,-42.03760949501661,14.035974662939113,748.0252721549696,151.15944970204671,108.69703042169769,427.526655650831,269.3544666077681,115.41358096480087,228.78493766182282,301.58550814498307,-35.02030159318776,151.71564863111428,-213.22540057610857,10.944108439757139,392.71929645151357,-246.58933952243362,-68.9639001765869,116.65223986216657,-148.31449420069367,-182.31372198910194,61.68539402814192,0.341060072183609,-0.8734095096588135,1.3302632570266724,0.3429117798805237,-1.2222726345062256,1.3591009378433228,0.29517582058906555,-0.8085018396377563,1.853187084197998,0.3526357114315033,-0.664813220500946,1.8310199975967407,0.23628929257392883,-0.6985820531845093,1.8514149188995361,0.02156873419880867,-0.958463191986084,1.1862919330596924,0.7226567268371582,-0.9723750352859497,1.2496304512023926,0.043900493532419205,-0.7350636124610901,1.2578516006469727,0.6799330711364746,-0.6714829206466675,1.2791231870651245
1563202702.245341288,-24.362706070365196,59.57862347782029,-102.34371322503529,-152.7161320553556,15.408222150217506,-74.87467773144809,-132.60140326687423,-154.3711297700569,-464.68044615260806,-136.3935822372657,-31.569078677512117,-841.0581215490129,99.00639724209347,103.7490278603687,-74.59834598453776,140.71754483059223,-66.58223914987416,-495.93635870913687,120.31261583234082,28.369482458473644,-876.6612523259613,-34.4045700916923,90.4601352011933,168.37113775433644,-43.32459511780274,52.59007233387238,523.5858392765282,0.17885329573461142,-39.25395336715377,546.0168333312796,-39.17695509299627,13.794734577162707,735.9454832218211,150.74249967290078,111.73827323677186,419.6870032503697,295.55549322619316,111.56970499350359,193.21146541975963,296.8465982047012,-46.19557247301527,149.10778550534167,-210.50231579663128,10.918525603858404,387.4846228345384,-244.46691005918495,-79.17317710868979,115.12094907064537,-143.99925536095662,-190.07267406002694,63.64869784991036,0.34231507778167725,-0.8645504117012024,1.3339204788208008,0.3424471914768219,-1.216105580329895,1.3636618852615356,0.2954038977622986,-0.8012999296188354,1.8537300825119019,0.35347315669059753,-0.6560398936271667,1.829971432685852,0.2368064522743225,-0.6888242363929749,1.8509544134140015,0.022846737876534462,-0.9528434872627258,1.1893479824066162,0.7226659655570984,-0.9693132042884827,1.2510653734207153,0.043900493532419205,-0.7350636124610901,1.2578516006469727,0.6795966029167175,-0.6693125367164612,1.2765721082687378
1563202702.285174496,-21.522049109923657,60.063175259411864,-99.11358983820989,-153.97331924670556,24.156970344961685,-71.41235569659068,-137.04244056421172,-150.06107859611004,-460.815300815447,-139.04104651338966,-27.3920929507291,-836.7873735984675,98.69910573914925,95.96938781854202,-71.59389106768873,136.5615897294599,-78.4265440704905,-492.43128477112253,117.35012341407503,19.780153786334466,-872.0245567198369,-28.147058008680666,90.69354548223869,171.16309436856343,-16.33570760743172,50.87011026763307,525.8375944187542,1.8723782510644915,-42.47858706268111,546.9252477619419,-39.196317224017115,10.721844152833588,737.6686513150877,151.37554186868337,102.36003324260385,421.87096979895773,294.41779242709936,97.56008488308062,195.1610831815407,293.07727452676943,-56.8646621408148,150.60867969869403,-210.7456443343365,18.23410725704279,389.87329048188224,-246.4175126938796,-53.629356680575164,115.1114446381177,-148.7294395038244,-167.49734760650747,26.197852158713822,0.34277647733688354,-0.8617533445358276,1.334715485572815,0.34269431233406067,-1.2122358083724976,1.3657753467559814,0.2956777811050415,-0.7960919737815857,1.8535689115524292,0.35446473956108093,-0.6499456167221069,1.8289127349853516,0.23805654048919678,-0.682391881942749,1.8498445749282837,0.022882243618369102,-0.9492924809455872,1.1908318996429443,0.7230251431465149,-0.9663323760032654,1.2514458894729614,0.043900493532419205,-0.7350636124610901,1.2578516006469727,0.6804304122924805,-0.6662093997001648,1.2776280641555786
1563202702.325013711,-21.297021299674398,59.53525623240092,-102.02304533190413,-154.22305618657248,24.743947252156012,-74.50248940542868,-137.46199170806443,-149.1156156198244,-464.8109602523388,-139.30013982664005,-25.48686082921943,-841.543245113641,99.03813081395242,94.32656795618678,-74.7820539441461,136.6638186954716,-79.64868787855272,-496.5750919953895,117.75648720555712,19.83229962924594,-877.0284867171788,-28.223888129161416,91.3206947277972,168.66877445909668,-16.267025489198147,53.537318877986145,524.0868089874108,0.336060779921625,-39.984049370208126,546.0705032433704,-39.73489084236738,14.257542199160737,736.3663827956398,151.8064061613915,103.63820606153303,419.80182301028515,295.2195603589307,96.94705423617359,192.56859800667246,293.3575900494335,-59.45734702297913,148.89166593045,-211.15091440173632,21.684537831527166,388.1771110621276,-247.07999694201143,-58.14979779533344,115.5435558805975,-148.62397787020004,-174.0938408489801,63.52550631546966,0.34268027544021606,-0.8586776852607727,1.334846019744873,0.34358105063438416,-1.2084590196609497,1.3660041093826294,0.2958633005619049,-0.7861018776893616,1.8548651933670044,0.355008065700531,-0.6437293887138367,1.8280028104782104,0.2387324869632721,-0.6753025650978088,1.8496261835098267,0.02216547168791294,-0.9467089772224426,1.1916204690933228,0.7232271432876587,-0.9616891741752625,1.2521064281463623,0.043900493532419205,-0.7350636124610901,1.2578516006469727,0.6782276034355164,-0.6617684364318848,1.2762694358825684
1563202702.365548049,-19.07052833036553,49.11535404166213,-111.7355027948725,-155.4658463761439,13.984507611872154,-78.97284847481806,-139.61158303015534,-147.29881488142678,-477.7506477526669,-142.87266741524257,-23.0056275523253,-862.983334815008,100.99806125686614,84.24620112033331,-107.43908764851773,139.05137371024202,-84.52384643023406,-511.0841588708985,120.04926463354046,16.288010856206075,-899.397384890453,-26.619522682320127,87.74023873737502,168.52806508725092,-16.763216361135974,55.69320201629431,537.8044030167702,1.042532234929572,-38.21837320851225,561.3484436926536,-40.76591755004669,17.934246912734686,755.512328805977,154.02414042439565,105.9393406232723,431.3079331135179,271.38911334189106,102.55568644203832,230.29109443511646,300.03611056515604,-48.69715568534874,155.2382930620188,-187.19782181110858,23.32583483186438,398.404922221911,-250.2046137671515,-51.38789737994707,121.2005998553428,-152.6663976048158,-169.23977520657962,65.45965030048582,0.34268027544021606,-0.8586776852607727,1.334846019744873,0.3438482880592346,-1.207253336906433,1.3636386394500732,0.2954711616039276,-0.7823094129562378,1.8548587560653687,0.3550805151462555,-0.6388622522354126,1.8272666931152344,0.23836442828178406,-0.6699391007423401,1.8489375114440918,0.024016929790377617,-0.944192111492157,1.1906620264053345,0.7228162288665771,-0.9584437608718872,1.2499417066574097,0.043900493532419205,-0.7350636124610901,1.2578516006469727,0.6765134334564209,-0.6600151658058167,1.2735408544540405
1563202702.405171347,-18.550933658470385,57.39793294645409,-116.61881277059702,-155.16557332870912,29.33653167993321,-99.52111512671847,-140.19980495497853,-170.08240758052528,-454.62923853504,-138.17931877356904,-53.461276189962184,-833.5043828714612,101.96447578855727,85.4593458661913,-100.1684256069621,137.3318456930518,-114.60425051717098,-486.5851009341386,117.9360368715365,-23.149013591979443,-868.6606980558074,-24.26974398364246,99.8707491305957,164.61406476511038,-16.29024601902299,67.1629303420524,537.3805366768805,-0.8789229653281841,-29.68287108904269,561.1936546526259,-39.852043739641616,28.96586428948443,753.2243234592244,154.3987717146855,110.05967825033036,432.1688297845575,298.4323550912237,93.5874392263337,204.389809430979,294.23493114575507,-61.916636115688455,160.7616503562895,-213.19031622601725,40.85008394193766,399.86145399244776,-249.41651583120014,-22.72164962483831,120.73280234917732,-152.0045974159432,-141.16604236947228,-4.348055369321125,0.3424023687839508,-0.855476975440979,1.3348557949066162,0.34464114904403687,-1.2064027786254883,1.3600043058395386,0.29525062441825867,-0.7789463996887207,1.8551102876663208,0.3550989031791687,-0.6350560188293457,1.8258817195892334,0.23818515241146088,-0.6655089855194092,1.8478437662124634,0.023819612339138985,-0.9432087540626526,1.1901503801345825,0.7233217358589172,-0.9560908079147339,1.2487431764602661,0.043900493532419205,-0.7350636124610901,1.2578516006469727,0.6764507293701172,-0.6573533415794373,1.273620367050171
1563202702.445284144,-22.082037164376327,54.490034248987456,-96.14757451330539,-151.50572160994693,8.624659399484347,-70.97092134583498,-132.9036401805111,-146.33612474879692,-466.27301734324203,-138.02017711651487,-22.726552517909802,-844.777499095876,99.28776445933318,100.3554219710993,-70.35874361445082,140.49236935977996,-60.95264975713658,-497.5866793262062,120.86429395983528,34.27802678814241,-880.3285747375442,-31.564627455250623,83.14349674834169,176.20368458549737,-16.200618167361284,41.541639514165574,531.7305043247912,4.83078522211629,-49.470866873605736,552.6762458623238,-37.96647421468453,0.5987659773381226,744.8207979110622,150.8130145275157,103.49167940851477,427.90230629767876,267.2675634807712,113.69240515262584,230.09115496677362,298.75238821670075,-32.26585589022346,153.03710239863116,-210.2332320938582,-0.16349063137148173,393.76408532439814,-243.91619151117155,-64.36227083648313,115.0878974344576,-146.73133909176238,-171.47129970690315,-14.268748855266791,0.3427036702632904,-0.8547210097312927,1.3342622518539429,0.34576496481895447,-1.206343173980713,1.3560734987258911,0.29435643553733826,-0.7735278010368347,1.8553194999694824,0.35438674688339233,-0.6323654651641846,1.8256585597991943,0.23759116232395172,-0.6624062061309814,1.8468074798583984,0.02461382746696472,-0.942581832408905,1.189514398574829,0.7230241894721985,-0.9536234736442566,1.244682788848877,0.043900493532419205,-0.7350636124610901,1.2578516006469727,0.6770926713943481,-0.6540970802307129,1.274027943611145
1563202702.485111300,-21.297021299674398,59.53525623240092,-102.02304533190413,-154.22305618657248,24.743947252156012,-74.50248940542868,-137.46199170806443,-149.1156156198244,-464.8109602523388,-139.30013982664005,-25.48686082921943,-841.543245113641,99.03813081395242,94.32656795618678,-74.7820539441461,136.6638186954716,-79.64868787855272,-496.5750919953895,117.75648720555712,19.83229962924594,-877.0284867171788,-28.223888129161416,91.3206947277972,168.66877445909668,-16.267025489198147,53.537318877986145,524.0868089874108,0.336060779921625,-39.984049370208126,546.0705032433704,-39.73489084236738,14.257542199160737,736.3663827956398,151.8064061613915,103.63820606153303,419.80182301028515,295.2195603589307,96.94705423617359,192.56859800667246,293.3575900494335,-59.45734702297913,148.89166593045,-211.15091440173632,21.684537831527166,388.1771110621276,-247.07999694201143,-58.14979779533344,115.5435558805975,-148.62397787020004,-174.0938408489801,63.52550631546966,0.341543972492218,-0.8552355170249939,1.3334732055664062,0.3466406464576721,-1.206454873085022,1.3532353639602661,0.2924301326274872,-0.7714138627052307,1.8553367853164673,0.3541187047958374,-0.6306972503662109,1.8254438638687134,0.23675532639026642,-0.6602182984352112,1.846463918685913,0.024589594453573227,-0.9419756531715393,1.1879183053970337,0.7229838967323303,-0.9516525864601135,1.2420873641967773,0.043900493532419205,-0.7350636124610901,1.2578516006469727,0.6761056780815125,-0.6535041928291321,1.2728291749954224
1563202702.525013802,-21.297021299674398,59.53525623240092,-102.02304533190413,-154.22305618657248,24.743947252156012,-74.50248940542868,-137.46199170806443,-149.1156156198244,-464.8109602523388,-139.30013982664005,-25.48686082921943,-841.543245113641,99.03813081395242,94.32656795618678,-74.7820539441461,136.6638186954716,-79.64868787855272,-496.5750919953895,117.75648720555712,19.83229962924594,-877.0284867171788,-28.223888129161416,91.3206947277972,168.66877445909668,-16.267025489198147,53.537318877986145,524.0868089874108,0.336060779921625,-39.984049370208126,546.0705032433704,-39.73489084236738,14.257542199160737,736.3663827956398,151.8064061613915,103.63820606153303,419.80182301028515,295.2195603589307,96.94705423617359,192.56859800667246,293.3575900494335,-59.45734702297913,148.89166593045,-211.15091440173632,21.684537831527166,388.1771110621276,-247.07999694201143,-58.14979779533344,115.5435558805975,-148.62397787020004,-174.0938408489801,63.52550631546966,0.341543972492218,-0.8552355170249939,1.3334732055664062,0.3469482958316803,-1.2055011987686157,1.3508611917495728,0.29135367274284363,-0.7700613737106323,1.8555024862289429,0.3534775972366333,-0.6297183632850647,1.8252339363098145,0.23557162284851074,-0.658090353012085,1.8459620475769043,0.02428840473294258,-0.9422827959060669,1.1862441301345825,0.723047137260437,-0.9503189921379089,1.2413946390151978,0.043900493532419205,-0.7350636124610901,1.2578516006469727,0.6765058040618896,-0.6502895355224609,1.2734702825546265
1563202702.565560694,-9.352188764061882,43.67155239569471,-82.87628884854004,-127.12830114774049,19.816108407640606,-46.13807378261613,-145.30667875434054,-118.1182744707848,-476.84214679616673,-148.2875797003974,9.650389612252448,-852.7337716632554,123.65687973656334,67.52699642093334,-45.90833735411184,125.82050006195891,-66.30453824131033,-508.66131120606946,111.67606214426671,43.79764542049871,-888.0732913400875,-16.685528038861346,75.47075325090385,177.4687988540752,-19.103251151885786,42.84405261278537,518.3973346033218,-0.9328912826749933,-48.05651880637512,539.1061204688701,-44.512214430047166,3.0414897027165546,728.1234933690179,147.98811389702965,82.19472991744301,414.33519333449993,288.4644739709608,78.7871817376038,188.02634119012487,285.38289470279085,-67.52902097039015,139.36795736835447,-185.8196876407774,23.075587145053984,382.92826957485573,-252.5598807758895,-38.14695346861468,141.87223358726865,-160.27133090278565,-154.24767257827685,56.79684226212309,0.3413175046443939,-0.8524695038795471,1.3286014795303345,0.34723708033561707,-1.2044121026992798,1.3496052026748657,0.2911496162414551,-0.7699588537216187,1.8555256128311157,0.35283926129341125,-0.629642903804779,1.8251897096633911,0.23514902591705322,-0.6579520106315613,1.8453457355499268,0.02405480481684208,-0.9415864944458008,1.1846044063568115,0.7229278087615967,-0.9491230845451355,1.2384531497955322,0.043900493532419205,-0.7350636124610901,1.2578516006469727,0.6754190325737,-0.6514345407485962,1.2725814580917358
1563202702.605655257,-16.50490570427483,46.40515859481262,-80.93086317205328,-122.13178090357505,3.759168140863296,-43.73206343246989,-133.50290303586237,-125.40109777735611,-472.2942520634499,-140.6203954656653,-0.27176371996773113,-846.530341133738,97.63982886907702,89.05114746761839,-42.83695472011331,134.7134574564882,-45.01545154990799,-503.44029725992385,117.96351589972468,57.540768648252374,-881.9105903097796,-27.634934925963865,74.40246639374368,177.97260856911282,-16.417675191883262,37.70032301547427,518.6731300480446,2.824221970939498,-50.023616460528785,537.72295004083,-39.72829423405107,-1.1571654496717685,727.8157393590161,147.9010459094975,95.20956691370941,415.427074755802,259.919341899126,106.46947978097685,187.7569830785968,292.37000957102873,-42.309738609533774,141.42403398246387,-207.98079901020577,0.1033638420705705,382.93408255655606,-242.58005517028917,-70.03199282606862,111.05122347804615,-147.54529657806876,-182.80620243324506,56.734900116646784,0.3411901891231537,-0.8522862195968628,1.3281277418136597,0.3468037247657776,-1.2020403146743774,1.3500704765319824,0.2911496162414551,-0.7699588537216187,1.8555256128311157,0.35162603855133057,-0.6300973296165466,1.825025200843811,0.23394152522087097,-0.6586397290229797,1.8448455333709717,0.02431703917682171,-0.941170871257782,1.1825095415115356,0.7230839133262634,-0.9468802809715271,1.238987922668457,0.2616797685623169,-0.7300279140472412,1.8693182468414307,0.6742053031921387,-0.6492674946784973,1.2719146013259888
1563202702.645616296,-8.659069961467814,41.228830136723275,-82.62728013565376,-122.08309793572225,8.749848806669453,-46.625027857962394,-138.13622807367983,-120.12350159485099,-477.7194461254474,-142.48566352867408,7.074625738044274,-852.9003024547279,126.88442998013632,73.70780664692238,-45.23046106173225,131.77606397828168,-58.27284152392024,-508.27494233645484,117.4273004096057,47.911189153106335,-888.1769009015856,-20.607097963758356,73.20396874786115,177.6697507037062,-18.71006929093609,40.18637434634957,518.894496379503,-4.861584749371167,-49.247972232332394,540.4712503269279,-44.05814180259872,1.0475142748831487,728.7149487487064,147.64727970971117,87.65037395096007,416.3656938874519,261.9190963632295,94.14310639643587,219.49647339891231,290.2557546464859,-49.08740090547948,141.69798529997468,-211.1063081462428,12.621879805124859,381.72584057763794,-246.20442414583835,-49.64151065761115,109.17727877546464,-153.1259921513045,-165.39374621706992,53.63329665258739,0.34053245186805725,-0.8496293425559998,1.323462724685669,0.34613946080207825,-1.1999906301498413,1.350940465927124,0.3009794354438782,-0.7885795831680298,1.8345457315444946,0.35045090317726135,-0.6310253739356995,1.8256094455718994,0.2324284166097641,-0.6596580147743225,1.8449875116348267,0.024591462686657906,-0.9402756690979004,1.1818162202835083,0.7227821946144104,-0.9480143785476685,1.2380104064941406,0.28165504336357117,-0.6957274079322815,1.9121999740600586,0.6740507483482361,-0.6479742527008057,1.2720162868499756
1563202702.685009177,-8.402599808382305,35.77821132463571,-82.81431583762911,-124.32157534591295,3.149171739587675,-48.587469574489766,-141.80178931336047,-113.70971253481527,-486.8399806557608,-147.874397404661,15.508623660601508,-866.0169339442702,125.55651014905945,68.4072487690233,-47.66577317506275,129.65362569648465,-51.041965183149976,-518.5777343801483,115.36698514249751,58.28728609319084,-901.903071086063,-19.392045567146525,68.42629022986996,179.74036951120723,-19.019380854080456,38.09710616568838,522.5967419185289,0.16424260435250634,-50.86068076688875,544.5349021666404,-44.05678401323833,-1.0240961485193503,734.1408738387682,147.9813908674381,85.88334273246835,418.2631541441634,261.9226646727951,93.67563797807271,220.5910831354182,291.43545623677403,-46.529408342864194,140.16055707810582,-185.68897190352413,9.890634766508498,385.1334523116128,-250.81835415514306,-52.74200686124943,142.7614281549751,-158.3353797650445,-164.6296371549822,54.39035621841743,0.34078580141067505,-0.8488660454750061,1.3230905532836914,0.34542933106422424,-1.1992309093475342,1.3519952297210693,0.2852405309677124,-0.7684406042098999,1.85117506980896,0.3497004508972168,-0.632260799407959,1.8257465362548828,0.23179230093955994,-0.6607638597488403,1.8445253372192383,0.02476915530860424,-0.9401041865348816,1.1812982559204102,0.7229530811309814,-0.9464660286903381,1.2386524677276611,0.25909581780433655,-0.7310614585876465,1.86885404586792,0.6740507483482361,-0.6479742527008057,1.2720162868499756
1563202702.725509858,-8.484426597748701,40.07469484143742,-84.61804426805645,-123.03559125247385,7.34814407120971,-49.49811209781494,-139.53726591248383,-121.33533615016388,-486.05976443764683,-143.91437217818003,3.8213103426698605,-862.8684357078481,128.1230289695018,72.80124650656467,-48.180673143972555,133.76638383053566,-59.56225854186381,-514.4673567030161,118.31494488655576,55.5020876568054,-865.6939088092918,-20.577345486483043,72.77934256173432,177.34884974269204,-19.073036043735012,40.320100650971824,522.0030464300883,-5.646315371287109,-49.558427577828525,543.4520684055987,-44.74535656498987,1.0369884470180557,734.3403550516105,149.02566506748266,87.99366864947368,418.4754804838501,264.5086441689408,95.36283659945875,219.59141833305603,293.98827810704944,-48.55553232126525,140.59392327828877,-213.46978281557034,12.779825594012918,383.2709972463865,-248.8722715987136,-49.10825868823628,107.76969779772642,-155.07926865125415,-166.0140127124001,51.239852325517326,0.34050166606903076,-0.8480619788169861,1.3229330778121948,0.34504789113998413,-1.1983304023742676,1.353212833404541,0.28586065769195557,-0.7728959918022156,1.8543943166732788,0.3486013114452362,-0.6332332491874695,1.8260695934295654,0.23065491020679474,-0.6617549061775208,1.8445161581039429,0.02458968386054039,-0.9397879838943481,1.181660771369934,0.72216796875,-0.9490371942520142,1.2377359867095947,0.27891895174980164,-0.6980698704719543,1.9118551015853882,0.6726725697517395,-0.6506542563438416,1.2712124586105347
1563202702.765346885,-14.69843935402525,39.90307260180304,-79.04610740243983,-123.63350954155806,-3.5786104446926688,-45.062500620930784,-137.5623587471966,-114.96488356382696,-483.16589042028306,-146.58410863743816,12.157966687739203,-862.1949154365486,96.47068549782365,83.38475963306536,-44.29505034842187,132.65544627188726,-34.443391570391235,-515.016272797433,116.24066950774277,71.34588251365754,-897.9997010495509,-24.862715892806726,66.76649870483911,183.29641094178754,-17.4766707995675,30.342728751436894,524.6373896649964,7.507204303262424,-56.765564496602785,544.1497060105228,-40.25512265252454,-10.245791637824722,735.6997071624268,147.9071974332427,89.32505302706888,420.43182230574615,261.8067634286482,105.96050649086331,223.40494445120945,295.2236023818367,-32.65119654575941,142.200609785863,-183.26979386200674,-7.858388569765345,387.3532872794002,-247.43986720755595,-69.2649205435321,143.17969899084184,-154.08293306143034,-174.36010062563463,16.552357483683576,0.34095677733421326,-0.8486651182174683,1.3232364654541016,0.3451279401779175,-1.1991370916366577,1.3543440103530884,0.2821533977985382,-0.7703605890274048,1.850515604019165,0.3475904166698456,-0.6339613795280457,1.8264358043670654,0.22958211600780487,-0.6624471545219421,1.8443933725357056,0.024093560874462128,-0.9401674866676331,1.182114601135254,0.7221845388412476,-0.9490051865577698,1.23743736743927,0.2779853940010071,-0.6989819407463074,1.9117991924285889,0.672284722328186,-0.6507819294929504,1.2711557149887085
1563202702.805526170,-7.13331737861262,42.85568916037871,-77.03576871638815,-121.36174810353174,17.189569129692025,-40.45419078063818,-139.18769110863764,-117.74551847893656,-468.50266646785803,-141.15058519708265,7.378103426150699,-841.7079915093179,127.28630566347178,68.52181168990343,-39.164855279209746,130.01276108911813,-69.27958269521923,-498.81317785093796,116.99312478634486,36.14142600365106,-876.1063681387842,-16.312485990637004,73.67440417358603,182.06268379024533,-18.079822980387288,37.311129201795424,521.5374624861771,-5.477655045647843,-53.16104775003678,541.1648665907804,-43.33020654085082,-3.692012307958729,730.0099282272693,148.22689532637415,78.1964521663009,419.7771706731645,261.3799609148195,79.59370943550113,224.06373726618412,287.834386603646,-58.73284311265165,145.04290408059205,-209.61428651978608,17.37622835446784,384.47737716814356,-244.42364508259527,-21.792606470863547,107.81942639099697,-154.58544884049198,-136.54433822160766,-21.387298095084038,0.3405112028121948,-0.8489665985107422,1.3234187364578247,0.3449500501155853,-1.199798583984375,1.3555251359939575,0.28267374634742737,-0.7746859192848206,1.8537698984146118,0.3466484844684601,-0.6344118118286133,1.826664686203003,0.22830712795257568,-0.6625077128410339,1.844063401222229,0.02417786419391632,-0.9406329393386841,1.182809591293335,0.7217031717300415,-0.9504461884498596,1.2374179363250732,0.2755385935306549,-0.7017717957496643,1.9112424850463867,0.6709484457969666,-0.6523356437683105,1.2696447372436523
1563202702.845151912,-14.27790165179007,43.12808074584773,-82.81058002223453,-119.67424463531592,1.0917131070602135,-46.67084696099158,-131.93178790921144,-122.97821281913824,-478.3652388422842,-138.3282357946799,2.069641517402713,-854.339205654076,100.73432408904353,85.16444135227786,-45.37405355343588,137.7036715627341,-46.50667201795087,-508.88763835794765,121.98720651679227,55.526296314056225,-889.6071952840134,-27.315704010178845,73.19924287406198,177.85057252997115,-43.58740963858301,38.46008258549224,519.4002538484709,-3.078183585915751,-49.36432960937797,540.344041012683,-40.77323938941486,-0.6560366812686975,729.5192476312628,148.9945200650649,95.06864207320757,416.82677976520176,264.5046057085227,107.01566371618034,220.54769462671982,296.8231906379555,-38.25319524174938,142.5472079252754,-208.45908691683354,1.328701759048208,382.04139113720896,-241.76294100034895,-70.05170989282797,109.39636528010924,-146.2305732791391,-181.13584049118924,53.79502921477301,0.3409985601902008,-0.8490906953811646,1.3239413499832153,0.34413957595825195,-1.2005149126052856,1.3558852672576904,0.2822153568267822,-0.7746337652206421,1.853708028793335,0.34615135192871094,-0.6345525979995728,1.8266366720199585,0.227479487657547,-0.6621251106262207,1.8436275720596313,0.02287685126066208,-0.9421713948249817,1.1836378574371338,0.721341073513031,-0.9506028890609741,1.2366251945495605,0.2738015353679657,-0.7019936442375183,1.9108750820159912,0.6696017384529114,-0.6521371603012085,1.2686690092086792
1563202702.885495082,-14.27790165179007,43.12808074584773,-82.81058002223453,-119.67424463531592,1.0917131070602135,-46.67084696099158,-131.93178790921144,-122.97821281913824,-478.3652388422842,-138.3282357946799,2.069641517402713,-854.339205654076,100.73432408904353,85.16444135227786,-45.37405355343588,137.7036715627341,-46.50667201795087,-508.88763835794765,121.98720651679227,55.526296314056225,-889.6071952840134,-27.315704010178845,73.19924287406198,177.85057252997115,-43.58740963858301,38.46008258549224,519.4002538484709,-3.078183585915751,-49.36432960937797,540.344041012683,-40.77323938941486,-0.6560366812686975,729.5192476312628,148.9945200650649,95.06864207320757,416.82677976520176,264.5046057085227,107.01566371618034,220.54769462671982,296.8231906379555,-38.25319524174938,142.5472079252754,-208.45908691683354,1.328701759048208,382.04139113720896,-241.76294100034895,-70.05170989282797,109.39636528010924,-146.2305732791391,-181.13584049118924,53.79502921477301,0.3405974507331848,-0.8501521944999695,1.3233741521835327,0.34410545229911804,-1.2010349035263062,1.3564584255218506,0.2822153568267822,-0.7746337652206421,1.853708028793335,0.3456292152404785,-0.6343550086021423,1.826669454574585,0.22701334953308105,-0.6615222692489624,1.8433054685592651,0.022569097578525543,-0.9432088136672974,1.184205174446106,0.7208063006401062,-0.9519446492195129,1.2368361949920654,0.252748042345047,-0.7337133884429932,1.8671661615371704,0.6706729531288147,-0.6526390314102173,1.2689663171768188
1563202702.925256592,-10.067499067501261,37.12557340296827,-83.98840216182703,-119.50845099827458,2.9777618320498704,-48.97711614100015,-134.6633217568816,-117.56315399495031,-486.9704572332274,-139.62699229917808,7.497751929142969,-867.1254027092272,103.77820916495594,71.27338132120778,-48.232750201076136,137.56110711263335,-53.911332970392145,-518.7388373779614,123.70590872961453,52.97949068401979,-902.8767508837518,-20.320030317076274,69.52062997732727,179.65099902362664,-13.316272769428478,38.44519567666658,523.2311022031604,0.20403637497054466,-50.813855111707085,545.3912908131646,-38.14571845241933,-0.8006108252802795,735.319709842789,154.21020152980873,87.214771624354,418.8130547978604,269.47128779967153,96.23682703723277,221.1858293292041,301.27874501420257,-41.777947621170824,140.11221728343523,-208.10264763200624,10.381903087196067,385.7408071259703,-247.79557847184307,-49.225100106838696,143.28322814284326,-188.84647695984344,-163.31254218354258,53.841684379785875,0.33975785970687866,-0.8511471152305603,1.322495698928833,0.3433113396167755,-1.2019708156585693,1.3569566011428833,0.2792070508003235,-0.772942066192627,1.8539713621139526,0.04550940543413162,-0.7260487675666809,1.264966368675232,0.22629019618034363,-0.6600663065910339,1.8429615497589111,0.021876642480492592,-0.9445101022720337,1.1839673519134521,0.7202129364013672,-0.9520725011825562,1.2366585731506348,0.252748042345047,-0.7337133884429932,1.8671661615371704,0.6706839799880981,-0.6528875231742859,1.2687100172042847
1563202702.964994421,-20.70063927632521,53.56583757041619,-82.37880951480896,-149.14992627279503,11.000771735118777,-46.09114452717236,-132.4582964628005,-124.73452849317084,-474.095152591138,-138.37309941704947,1.2597991596258087,-849.2629965595199,98.3071794200846,96.13089881721287,-45.436183045810736,137.22909347384024,-46.51655496682624,-505.2356406532733,120.29126435094389,57.335918216444846,-884.5114935084507,-29.30234340463121,76.65712298430597,178.29030575257647,-15.060057888667325,34.325775520417004,516.4943555854592,2.265541521635534,-54.836734654420155,536.2894168520199,-38.0118898454149,-7.143207555864105,725.2948078546798,149.7873869091328,92.7010808181585,413.9541007046277,264.4950631053254,104.50700046555433,217.27591602171623,295.27840958129366,-40.674878737176236,140.75658512645637,-206.8824646208303,-2.8427160268798284,380.5185597495672,-240.80788110694778,-74.5131245223869,109.03016639822276,-144.6447812083905,-183.5890236893478,53.38619274272554,0.33887621760368347,-0.8526100516319275,1.3226674795150757,0.3427148461341858,-1.203235149383545,1.3568050861358643,0.27906695008277893,-0.7726987600326538,1.8541231155395508,0.04577003791928291,-0.7269341945648193,1.2643113136291504,0.22632043063640594,-0.6592883467674255,1.8427369594573975,0.020526593551039696,-0.9460507035255432,1.1836625337600708,0.7196682691574097,-0.9543520212173462,1.2360122203826904,0.252748042345047,-0.7337133884429932,1.8671661615371704,0.670664370059967,-0.6530745029449463,1.268661379814148
